"Name","DisplayName","State","StartMode","StartName","ProcessId"
"ADPSvc","Aggregated Data Platform Service","Stopped","Manual","NT AUTHORITY\LocalService","0"
"ALG","Application Layer Gateway Service","Stopped","Manual","NT AUTHORITY\LocalService","0"
"AppIDSvc","Application Identity","Running","Manual","NT Authority\LocalService","2340"
"Appinfo","Application Information","Running","Manual","LocalSystem","8832"
"AppReadiness","App Readiness","Stopped","Manual","LocalSystem","0"
"AppXSvc","AppX Deployment Service (AppXSVC)","Running","Auto","LocalSystem","5848"
"ApxSvc","Windows Virtual Audio Device Proxy Service","Stopped","Manual","NT AUTHORITY\LocalService","0"
"AsusAppService","ASUS App Service","Running","Auto","LocalSystem","4324"
"ASUSOptimization","ASUS Optimization","Running","Auto","LocalSystem","4024"
"ASUSSoftwareManager","ASUS Software Manager","Running","Auto","LocalSystem","4348"
"ASUSSwitch","ASUS Switch","Running","Auto","LocalSystem","4340"
"ASUSSystemAnalysis","ASUS System Analysis","Running","Auto","LocalSystem","4452"
"ASUSSystemDiagnosis","ASUS System Diagnosis","Running","Auto","LocalSystem","4404"
"AudioEndpointBuilder","Windows Audio Endpoint Builder","Running","Auto","LocalSystem","3508"
"Audiosrv","Windows Audio","Running","Auto","NT AUTHORITY\LocalService","3624"
"autotimesvc","Cellular Time","Stopped","Manual","NT AUTHORITY\LocalService","0"
"AxInstSV","ActiveX Installer (AxInstSV)","Stopped","Manual","LocalSystem","0"
"BDESVC","BitLocker Drive Encryption Service","Stopped","Manual","localSystem","0"
"BFE","Base Filtering Engine","Running","Auto","NT AUTHORITY\LocalService","3976"
"BITS","Background Intelligent Transfer Service","Stopped","Manual","LocalSystem","0"
"BrokerInfrastructure","Background Tasks Infrastructure Service","Running","Auto","LocalSystem","1492"
"BTAGService","Bluetooth Audio Gateway Service","Running","Manual","NT AUTHORITY\LocalService","1940"
"BthAvctpSvc","AVCTP service","Running","Manual","NT AUTHORITY\LocalService","1960"
"bthserv","Bluetooth Support Service","Running","Manual","NT AUTHORITY\LocalService","1980"
"camsvc","Capability Access Manager Service","Running","Auto","LocalSystem","5840"
"CDPSvc","Connected Devices Platform Service","Running","Auto","NT AUTHORITY\LocalService","8356"
"CertPropSvc","Certificate Propagation","Stopped","Manual","LocalSystem","0"
"ClipSVC","Client License Service (ClipSVC)","Stopped","Manual","LocalSystem","0"
"COMSysApp","COM+ System Application","Stopped","Manual","LocalSystem","0"
"CoreMessagingRegistrar","CoreMessaging","Running","Auto","NT AUTHORITY\LocalService","2256"
"cplspcon","Intel(R) Content Protection HDCP Service","Running","Auto","LocalSystem","11164"
"CryptSvc","Cryptographic Services","Running","Auto","NT Authority\NetworkService","1904"
"DcomLaunch","DCOM Server Process Launcher","Running","Auto","LocalSystem","1492"
"dcsvc","Declared Configuration(DC) service","Stopped","Manual","LocalSystem","0"
"defragsvc","Optimize drives","Stopped","Manual","localSystem","0"
"DeviceAssociationService","Device Association Service","Running","Manual","LocalSystem","3208"
"DeviceInstall","Device Install Service","Stopped","Manual","LocalSystem","0"
"DevQueryBroker","DevQuery Background Discovery Broker","Running","Manual","LocalSystem","6940"
"Dhcp","DHCP Client","Running","Auto","NT Authority\LocalService","2304"
"diagsvc","Diagnostic Execution Service","Stopped","Manual","LocalSystem","0"
"DiagTrack","Connected User Experiences and Telemetry","Running","Auto","LocalSystem","4332"
"DispBrokerDesktopSvc","Display Policy Service","Running","Auto","NT AUTHORITY\LocalService","3716"
"DisplayEnhancementService","Display Enhancement Service","Running","Manual","LocalSystem","2380"
"DmEnrollmentSvc","Device Management Enrollment Service","Stopped","Manual","LocalSystem","0"
"dmwappushservice","Device Management Wireless Application Protocol (WAP) Push message Routing Service","Stopped","Manual","LocalSystem","0"
"Dnscache","DNS Client","Running","Auto","NT AUTHORITY\NetworkService","2148"
"DolbyDAXAPI","Dolby DAX API Service","Running","Auto","LocalSystem","4392"
"DoSvc","Delivery Optimization","Running","Auto","NT Authority\NetworkService","8760"
"dot3svc","Wired AutoConfig","Stopped","Manual","localSystem","0"
"DPS","Diagnostic Policy Service","Running","Auto","NT AUTHORITY\LocalService","4444"
"dptftcs","Intel(R) Dynamic Tuning Technology Telemetry Service","Running","Auto","NT Authority\LocalService","4504"
"DsmSvc","Device Setup Manager","Stopped","Manual","LocalSystem","0"
"DsSvc","Data Sharing Service","Stopped","Manual","LocalSystem","0"
"DusmSvc","Data Usage","Running","Auto","NT Authority\LocalService","3804"
"EapHost","Extensible Authentication Protocol","Stopped","Manual","localSystem","0"
"edgeupdate","Microsoft Edge Update Service (edgeupdate)","Stopped","Auto","LocalSystem","0"
"edgeupdatem","Microsoft Edge Update Service (edgeupdatem)","Stopped","Manual","LocalSystem","0"
"EFS","Encrypting File System (EFS)","Stopped","Manual","LocalSystem","0"
"embeddedmode","Embedded Mode","Stopped","Manual","LocalSystem","0"
"EntAppSvc","Enterprise App Management Service","Stopped","Manual","LocalSystem","0"
"EventLog","Windows Event Log","Running","Auto","NT AUTHORITY\LocalService","2552"
"EventSystem","COM+ Event System","Running","Auto","NT AUTHORITY\LocalService","3180"
"fdPHost","Function Discovery Provider Host","Stopped","Manual","NT AUTHORITY\LocalService","0"
"FDResPub","Function Discovery Resource Publication","Stopped","Manual","NT AUTHORITY\LocalService","0"
"fhsvc","File History Service","Stopped","Manual","LocalSystem","0"
"FontCache","Windows Font Cache Service","Running","Auto","NT AUTHORITY\LocalService","3516"
"FrameServer","Windows Camera Frame Server","Stopped","Manual","NT AUTHORITY\LocalService","0"
"FrameServerMonitor","Windows Camera Frame Server Monitor","Stopped","Manual","LocalSystem","0"
"GameInputSvc","GameInput Service","Stopped","Manual","LocalSystem","0"
"gpsvc","Group Policy Client","Running","Auto","LocalSystem","1856"
"GraphicsPerfSvc","GraphicsPerfSvc","Stopped","Manual","LocalSystem","0"
"hidserv","Human Interface Device Service","Running","Manual","LocalSystem","14244"
"hpatchmon","Hotpatch Monitoring Service","Stopped","Manual","LocalSystem","0"
"HvHost","HV Host Service","Stopped","Manual","LocalSystem","0"
"icssvc","Windows Mobile Hotspot Service","Stopped","Manual","NT Authority\LocalService","0"
"igccservice","Intel(R) Graphics Command Center Service","Running","Auto","LocalSystem","4356"
"IKEEXT","IKE and AuthIP IPsec Keying Modules","Stopped","Manual","LocalSystem","0"
"InstallService","Microsoft Store Install Service","Running","Manual","LocalSystem","3728"
"IntelAudioService","Intel(R) Audio Service","Stopped","Auto","LocalSystem","0"
"InventorySvc","Inventory and Compatibility Appraisal service","Running","Auto","LocalSystem","8040"
"ipfsvc","Intel(R) Innovation Platform Framework Service","Running","Auto","LocalSystem","4620"
"iphlpsvc","IP Helper","Running","Auto","LocalSystem","4420"
"IpxlatCfgSvc","IP Translation Configuration Service","Stopped","Manual","LocalSystem","0"
"IsoEnvBroker","Isolation Environment Broker","Stopped","Manual","LocalSystem","0"
"KeyIso","CNG Key Isolation","Running","Manual","LocalSystem","1348"
"KtmRm","KtmRm for Distributed Transaction Coordinator","Stopped","Manual","NT AUTHORITY\NetworkService","0"
"LanmanServer","Server","Running","Auto","LocalSystem","4784"
"LanmanWorkstation","Workstation","Running","Auto","NT AUTHORITY\NetworkService","4124"
"lfsvc","Geolocation Service","Running","Manual","LocalSystem","13764"
"LicenseManager","Windows License Manager Service","Running","Manual","NT Authority\LocalService","13860"
"lltdsvc","Link-Layer Topology Discovery Mapper","Stopped","Manual","NT AUTHORITY\LocalService","0"
"lmhosts","TCP/IP NetBIOS Helper","Running","Manual","NT AUTHORITY\LocalService","7552"
"LocalKdc","Kerberos Local Key Distribution Center","Stopped","Manual","LocalSystem","0"
"LSM","LSM","Running","Unknown",,"1704"
"LxpSvc","Language Experience Service","Stopped","Manual","LocalSystem","0"
"MapsBroker","Downloaded Maps Manager","Stopped","Auto","NT AUTHORITY\NetworkService","0"
"McmSvc","Mobile Connectivity Management Service","Stopped","Manual","NT SERVICE\McmSvc","0"
"McpManagementService","McpManagementService","Stopped","Manual","LocalSystem","0"
"MDCoreSvc","Microsoft Defender Core Service","Running","Auto","LocalSystem","4472"
"MicrosoftCopilotElevationService","Microsoft Copilot Elevation Service (MicrosoftCopilotElevationService)","Stopped","Manual","LocalSystem","0"
"MicrosoftEdgeElevationService","Microsoft Edge Elevation Service (MicrosoftEdgeElevationService)","Stopped","Manual","LocalSystem","0"
"midisrv","Windows MIDI Service","Stopped","Manual","NT AUTHORITY\LocalService","0"
"mpssvc","Windows Defender Firewall","Running","Auto","NT Authority\LocalService","3976"
"MSDTC","Distributed Transaction Coordinator","Stopped","Manual","NT AUTHORITY\NetworkService","0"
"MSiSCSI","Microsoft iSCSI Initiator Service","Stopped","Manual","LocalSystem","0"
"msiserver","Windows Installer","Stopped","Manual","LocalSystem","0"
"NaturalAuthentication","Natural Authentication","Stopped","Manual","LocalSystem","0"
"NcaSvc","Network Connectivity Assistant","Stopped","Manual","LocalSystem","0"
"NcbService","Network Connection Broker","Running","Manual","LocalSystem","1784"
"NcdAutoSetup","Network Connected Devices Auto-Setup","Stopped","Manual","NT AUTHORITY\LocalService","0"
"Netlogon","Netlogon","Stopped","Manual","LocalSystem","0"
"Netman","Network Connections","Stopped","Manual","LocalSystem","0"
"netprofm","Network List Service","Running","Manual","NT AUTHORITY\NetworkService","2312"
"NetSetupSvc","NetSetupSvc","Stopped","Unknown",,"0"
"NetTcpPortSharing","Net.Tcp Port Sharing Service","Stopped","Disabled","NT AUTHORITY\LocalService","0"
"NgcCtnrSvc","Microsoft Passport Container","Running","Manual","NT AUTHORITY\LocalService","7124"
"NgcSvc","Microsoft Passport","Running","Manual","LocalSystem","7048"
"NlaSvc","Network Location Awareness","Stopped","Manual","NT AUTHORITY\NetworkService","0"
"nsi","Network Store Interface Service","Running","Auto","NT Authority\LocalService","1924"
"PcaSvc","Program Compatibility Assistant Service","Running","Auto","LocalSystem","7012"
"perceptionsimulation","Windows Perception Simulation Service","Stopped","Manual","LocalSystem","0"
"PerfHost","Performance Counter DLL Host","Stopped","Manual","NT AUTHORITY\LocalService","0"
"PhoneSvc","Phone Service","Stopped","Manual","NT Authority\LocalService","0"
"pla","Performance Logs & Alerts","Stopped","Manual","NT AUTHORITY\LocalService","0"
"PlugPlay","Plug and Play","Running","Manual","LocalSystem","1492"
"PolicyAgent","IPsec Policy Agent","Stopped","Manual","NT Authority\NetworkService","0"
"Power","Power","Running","Auto","LocalSystem","1492"
"PrintDeviceConfigurationService","Print Device Configuration Service","Stopped","Manual","LocalSystem","0"
"PrintNotify","Printer Extensions and Notifications","Stopped","Manual","LocalSystem","0"
"PrintScanBrokerService","PrintScanBrokerService","Stopped","Manual","LocalSystem","0"
"ProfSvc","User Profile Service","Running","Auto","LocalSystem","2408"
"PushToInstall","Windows PushToInstall Service","Stopped","Manual","LocalSystem","0"
"QWAVE","Quality Windows Audio Video Experience","Stopped","Manual","NT AUTHORITY\LocalService","0"
"RasAuto","Remote Access Auto Connection Manager","Stopped","Manual","localSystem","0"
"RasMan","Remote Access Connection Manager","Stopped","Manual","localSystem","0"
"refsdedupsvc","ReFS Dedup Service","Stopped","Manual","LocalSystem","0"
"RemoteAccess","Routing and Remote Access","Stopped","Disabled","localSystem","0"
"RemoteRegistry","Remote Registry","Stopped","Disabled","NT AUTHORITY\LocalService","0"
"RetailDemo","Retail Demo Service","Stopped","Manual","LocalSystem","0"
"RmSvc","Radio Management Service","Running","Manual","NT AUTHORITY\LocalService","6652"
"RpcEptMapper","RPC Endpoint Mapper","Running","Auto","NT AUTHORITY\NetworkService","1652"
"RpcLocator","Remote Procedure Call (RPC) Locator","Stopped","Manual","NT AUTHORITY\NetworkService","0"
"RpcSs","Remote Procedure Call (RPC)","Running","Auto","NT AUTHORITY\NetworkService","1652"
"RstMwService","Intel(R) Storage Middleware Service","Running","Auto","LocalSystem","8780"
"SamSs","Security Accounts Manager","Running","Auto","LocalSystem","1348"
"SCardSvr","Smart Card","Stopped","Manual","NT AUTHORITY\LocalService","0"
"ScDeviceEnum","Smart Card Device Enumeration Service","Stopped","Manual","LocalSystem","0"
"Schedule","Task Scheduler","Running","Auto","LocalSystem","2268"
"SCPolicySvc","Smart Card Removal Policy","Stopped","Manual","LocalSystem","0"
"SDRSVC","Windows Backup","Stopped","Manual","localSystem","0"
"seclogon","Secondary Logon","Stopped","Manual","LocalSystem","0"
"SecurityHealthService","Windows Security Service","Running","Manual","LocalSystem","9060"
"SEMgrSvc","Payments and NFC/SE Manager","Stopped","Manual","NT AUTHORITY\LocalService","0"
"SENS","System Event Notification Service","Running","Auto","LocalSystem","3444"
"SensorDataService","Sensor Data Service","Stopped","Manual","LocalSystem","0"
"SensorService","Sensor Service","Running","Manual","LocalSystem","12576"
"SensrSvc","Sensor Monitoring Service","Stopped","Manual","NT AUTHORITY\LocalService","0"
"SessionEnv","Remote Desktop Configuration","Stopped","Manual","localSystem","0"
"SharedAccess","Internet Connection Sharing (ICS)","Stopped","Manual","LocalSystem","0"
"ShellHWDetection","Shell Hardware Detection","Running","Auto","LocalSystem","4032"
"shpamsvc","Shared PC Account Manager","Stopped","Disabled","LocalSystem","0"
"smphost","Microsoft Storage Spaces SMP","Stopped","Manual","NT AUTHORITY\NetworkService","0"
"SmsRouter","Microsoft Windows SMS Router Service.","Stopped","Manual","NT Authority\LocalService","0"
"SNMPTrap","SNMP Trap","Stopped","Manual","NT AUTHORITY\LocalService","0"
"Spooler","Print Spooler","Running","Auto","LocalSystem","3364"
"sppsvc","Software Protection","Stopped","Auto","NT AUTHORITY\NetworkService","0"
"SSDPSRV","SSDP Discovery","Running","Manual","NT AUTHORITY\LocalService","11556"
"ssh-agent","OpenSSH Authentication Agent","Stopped","Disabled","LocalSystem","0"
"SstpSvc","Secure Socket Tunneling Protocol Service","Stopped","Manual","NT Authority\LocalService","0"
"StateRepository","State Repository Service","Running","Auto","LocalSystem","2056"
"StiSvc","Windows Image Acquisition (WIA)","Stopped","Manual","NT Authority\LocalService","0"
"StorSvc","Storage Service","Running","Auto","LocalSystem","15012"
"svsvc","Spot Verifier","Stopped","Manual","LocalSystem","0"
"swprv","Microsoft Software Shadow Copy Provider","Stopped","Manual","LocalSystem","0"
"SysMain","SysMain","Running","Auto","LocalSystem","3172"
"SystemEventsBroker","System Events Broker","Running","Auto","LocalSystem","1492"
"TapiSrv","Telephony","Stopped","Manual","NT AUTHORITY\NetworkService","0"
"TermService","Remote Desktop Services","Stopped","Manual","NT Authority\NetworkService","0"
"TextInputManagementService","Text Input Management Service","Running","Auto","LocalSystem","3668"
"Themes","Themes","Running","Auto","LocalSystem","3160"
"TieringEngineService","Storage Tiers Management","Stopped","Manual","localSystem","0"
"TimeBrokerSvc","Time Broker","Running","Manual","NT AUTHORITY\LocalService","2076"
"TokenBroker","Web Account Manager","Running","Manual","LocalSystem","7852"
"TrkWks","Distributed Link Tracking Client","Running","Auto","LocalSystem","4484"
"TroubleshootingSvc","Recommended Troubleshooting Service","Stopped","Manual","LocalSystem","0"
"TrustedInstaller","Windows Modules Installer","Stopped","Manual","localSystem","0"
"tzautoupdate","Auto Time Zone Updater","Stopped","Disabled","NT AUTHORITY\LocalService","0"
"UmRdpService","Remote Desktop Services UserMode Port Redirector","Stopped","Manual","localSystem","0"
"upnphost","UPnP Device Host","Stopped","Manual","NT AUTHORITY\LocalService","0"
"UserManager","User Manager","Running","Auto","LocalSystem","2812"
"UsoSvc","Update Orchestrator Service","Running","Auto","LocalSystem","2376"
"VaultSvc","Credential Manager","Running","Manual","LocalSystem","1348"
"vds","Virtual Disk","Stopped","Manual","LocalSystem","0"
"vmicguestinterface","Hyper-V Guest Service Interface","Stopped","Manual","LocalSystem","0"
"vmicheartbeat","Hyper-V Heartbeat Service","Stopped","Manual","LocalSystem","0"
"vmickvpexchange","Hyper-V Data Exchange Service","Stopped","Manual","LocalSystem","0"
"vmicrdv","Hyper-V Remote Desktop Virtualization Service","Stopped","Manual","LocalSystem","0"
"vmicshutdown","Hyper-V Guest Shutdown Service","Stopped","Manual","LocalSystem","0"
"vmictimesync","Hyper-V Time Synchronization Service","Stopped","Manual","NT AUTHORITY\LocalService","0"
"vmicvmsession","Hyper-V PowerShell Direct Service","Stopped","Manual","LocalSystem","0"
"vmicvss","Hyper-V Volume Shadow Copy Requestor","Stopped","Manual","LocalSystem","0"
"VSS","Volume Shadow Copy","Stopped","Manual","LocalSystem","0"
"W32Time","Windows Time","Stopped","Manual","NT AUTHORITY\LocalService","0"
"WaaSMedicSvc","WaaSMedicSvc","Running","Manual","LocalSystem","4520"
"WalletService","WalletService","Stopped","Manual","LocalSystem","0"
"WarpJITSvc","Warp JIT Service","Stopped","Manual","NT Authority\LocalService","0"
"wbengine","Block Level Backup Engine Service","Stopped","Manual","localSystem","0"
"WbioSrvc","Windows Biometric Service","Stopped","Manual","LocalSystem","0"
"Wcmsvc","Windows Connection Manager","Running","Auto","NT Authority\LocalService","3040"
"wcncsvc","Windows Connect Now - Config Registrar","Stopped","Manual","NT AUTHORITY\LocalService","0"
"WdiServiceHost","Diagnostic Service Host","Stopped","Manual","NT AUTHORITY\LocalService","0"
"WdiSystemHost","Diagnostic System Host","Running","Manual","LocalSystem","13092"
"WdNisSvc","Microsoft Defender Antivirus Network Inspection Service","Running","Manual","NT AUTHORITY\LocalService","5804"
"WebClient","WebClient","Stopped","Manual","NT AUTHORITY\LocalService","0"
"webthreatdefsvc","Web Threat Defense Service","Running","Manual","NT AUTHORITY\LocalService","11352"
"Wecsvc","Windows Event Collector","Stopped","Manual","NT AUTHORITY\NetworkService","0"
"WEPHOSTSVC","Windows Encryption Provider Host Service","Stopped","Manual","NT AUTHORITY\LocalService","0"
"wercplsupport","Problem Reports Control Panel Support","Stopped","Manual","localSystem","0"
"WerSvc","Windows Error Reporting Service","Stopped","Manual","localSystem","0"
"WFDSConMgrSvc","Wi-Fi Direct Services Connection Manager Service","Stopped","Manual","NT AUTHORITY\LocalService","0"
"whesvc","Windows Health and Optimized Experiences","Running","Auto","LocalSystem","15080"
"WiaRpc","Still Image Acquisition Events","Stopped","Manual","LocalSystem","0"
"WinDefend","Microsoft Defender Antivirus Service","Running","Auto","LocalSystem","4460"
"WinHttpAutoProxySvc","WinHTTP Web Proxy Auto-Discovery Service","Running","Manual","NT AUTHORITY\LocalService","2792"
"Winmgmt","Windows Management Instrumentation","Running","Auto","localSystem","4436"
"WinRM","Windows Remote Management (WS-Management)","Stopped","Manual","NT AUTHORITY\NetworkService","0"
"wisvc","Windows Insider Service","Stopped","Manual","LocalSystem","0"
"WlanSvc","WLAN AutoConfig","Running","Auto","LocalSystem","3960"
"wlidsvc","Microsoft Account Sign-in Assistant","Stopped","Manual","LocalSystem","0"
"wlpasvc","Local Profile Assistant Service","Stopped","Manual","NT Authority\LocalService","0"
"WManSvc","Windows Management Service","Stopped","Manual","LocalSystem","0"
"wmiApSrv","WMI Performance Adapter","Stopped","Manual","localSystem","0"
"WMPNetworkSvc","Windows Media Player Network Sharing Service","Stopped","Manual","NT AUTHORITY\NetworkService","0"
"workfolderssvc","Work Folders","Stopped","Manual","NT AUTHORITY\LocalService","0"
"WpcMonSvc","Parental Controls","Stopped","Manual","LocalSystem","0"
"WPDBusEnum","Portable Device Enumerator Service","Stopped","Manual","LocalSystem","0"
"WpnService","Windows Push Notifications System Service","Running","Auto","LocalSystem","4428"
"WSAIFabricSvc","WSAIFabricSvc","Running","Auto","NT AUTHORITY\LocalService","6024"
"wscsvc","Security Center","Running","Auto","NT AUTHORITY\LocalService","1500"
"WSearch","Windows Search","Running","Auto","LocalSystem","7776"
"wuauserv","Windows Update","Running","Manual","LocalSystem","14000"
"wuqisvc","Microsoft Usage and Quality Insights","Stopped","Manual","NT AUTHORITY\LocalService","0"
"WwanSvc","WWAN AutoConfig","Stopped","Manual","localSystem","0"
"XblAuthManager","Xbox Live Auth Manager","Stopped","Manual","LocalSystem","0"
"XblGameSave","Xbox Live Game Save","Stopped","Manual","LocalSystem","0"
"XboxGipSvc","Xbox Accessory Management Service","Stopped","Manual","LocalSystem","0"
"XboxNetApiSvc","Xbox Live Networking Service","Stopped","Manual","LocalSystem","0"
"AarSvc_76376","AarSvc_76376","Stopped","Manual",,"0"
"BcastDVRUserService_76376","BcastDVRUserService_76376","Stopped","Manual",,"0"
"BluetoothUserService_76376","BluetoothUserService_76376","Running","Manual",,"7560"
"CaptureService_76376","CaptureService_76376","Stopped","Manual",,"0"
"cbdhsvc_76376","cbdhsvc_76376","Running","Auto",,"8368"
"CDPUserSvc_76376","CDPUserSvc_76376","Running","Auto",,"7568"
"CloudBackupRestoreSvc_76376","CloudBackupRestoreSvc_76376","Running","Manual",,"13572"
"ConsentUxUserSvc_76376","ConsentUxUserSvc_76376","Stopped","Manual",,"0"
"CredentialEnrollmentManagerUserSvc_76376","CredentialEnrollmentManagerUserSvc_76376","Stopped","Manual",,"0"
"DeviceAssociationBrokerSvc_76376","DeviceAssociationBrokerSvc_76376","Stopped","Manual",,"0"
"DevicePickerUserSvc_76376","DevicePickerUserSvc_76376","Stopped","Manual",,"0"
"DevicesFlowUserSvc_76376","DevicesFlowUserSvc_76376","Stopped","Manual",,"0"
"MessagingService_76376","MessagingService_76376","Stopped","Manual",,"0"
"NPSMSvc_76376","NPSMSvc_76376","Stopped","Manual",,"0"
"OneSyncSvc_76376","OneSyncSvc_76376","Stopped","Manual",,"0"
"P9RdrService_76376","P9RdrService_76376","Stopped","Manual",,"0"
"PenService_76376","PenService_76376","Stopped","Manual",,"0"
"PimIndexMaintenanceSvc_76376","PimIndexMaintenanceSvc_76376","Stopped","Manual",,"0"
"PrintWorkflowUserSvc_76376","PrintWorkflowUserSvc_76376","Stopped","Manual",,"0"
"UdkUserSvc_76376","UdkUserSvc_76376","Running","Manual",,"7120"
"UnistoreSvc_76376","UnistoreSvc_76376","Stopped","Manual",,"0"
"UserDataSvc_76376","UserDataSvc_76376","Stopped","Manual",,"0"
"webthreatdefusersvc_76376","webthreatdefusersvc_76376","Running","Auto",,"7684"
"WpnUserService_76376","WpnUserService_76376","Running","Auto",,"7748"
