"Id","ProcessName","RAM_MB","CPU_Seconds","Whitelisted","Category","Path"
"1812","MsMpEng","492.68","1216.03","True","Fundamental (Protected)","System / Unknown"
"3396","Memory Compression","155.69","8.42","False","Other","System / Unknown"
"9800","Antigravity","82.82","250.84","True","Fundamental (Protected)","C:\Users\luisg\AppData\Local\Programs\antigravity\Antigravity.exe"
"5440","powershell","64.9","2.97","True","Fundamental (Protected)","C:\WINDOWS\System32\WindowsPowerShell\v1.0\powershell.exe"
"8312","svchost","49.8","2.47","True","Fundamental (Protected)","System / Unknown"
"3756","Taskmgr","37.31","11.69","True","Fundamental (Protected)","C:\WINDOWS\system32\taskmgr.exe"
"272","Registry","37.16","0.94","False","Other","System / Unknown"
"1796","dwm","33.49","245.19","True","Fundamental (Protected)","C:\WINDOWS\system32\dwm.exe"
"8760","svchost","32.09","15.12","True","Fundamental (Protected)","System / Unknown"
"1348","lsass","31.61","52.5","True","Fundamental (Protected)","System / Unknown"
"8296","MpDefenderCoreService","29.57","0.94","False","Other","System / Unknown"
"16160","explorer","25.88","4.11","True","Fundamental (Protected)","C:\WINDOWS\Explorer.EXE"
"9060","SecurityHealthService","21.5","1.91","True","Fundamental (Protected)","System / Unknown"
"10312","Antigravity","20.75","124.23","True","Fundamental (Protected)","C:\Users\luisg\AppData\Local\Programs\antigravity\Antigravity.exe"
"1500","svchost","16.46","0.31","True","Fundamental (Protected)","System / Unknown"
"5456","language_server","16.42","30.8","True","Fundamental (Protected)","C:\Users\luisg\AppData\Local\Programs\antigravity\resources\bin\language_server.exe"
"12968","NisSrv","16.4","1.84","False","Other","System / Unknown"
"1304","services","12.37","20.14","True","Fundamental (Protected)","System / Unknown"
"4520","svchost","10.82","0.12","True","Fundamental (Protected)","System / Unknown"
"13116","svchost","10.69","0.05","True","Fundamental (Protected)","System / Unknown"
"1172","wininit","10.03","0.05","True","Fundamental (Protected)","System / Unknown"
"4436","svchost","9.88","47.64","True","Fundamental (Protected)","C:\WINDOWS\system32\svchost.exe"
"2340","svchost","9.8","0.19","True","Fundamental (Protected)","System / Unknown"
"7012","svchost","9.73","4.25","True","Fundamental (Protected)","C:\WINDOWS\system32\svchost.exe"
"1180","csrss","8.46","6.38","True","Fundamental (Protected)","System / Unknown"
"2056","svchost","8.25","43.89","True","Fundamental (Protected)","C:\WINDOWS\system32\svchost.exe"
"14116","Antigravity","7.81","21.45","True","Fundamental (Protected)","C:\Users\luisg\AppData\Local\Programs\antigravity\Antigravity.exe"
"8772","WmiPrvSE","7.51","0.22","False","Other","C:\WINDOWS\system32\wbem\wmiprvse.exe"
"1084","csrss","7.47","2.09","True","Fundamental (Protected)","System / Unknown"
"5028","Antigravity","6.52","1.97","True","Fundamental (Protected)","C:\Users\luisg\AppData\Local\Programs\antigravity\Antigravity.exe"
"15564","msedgewebview2","4.85","0.88","True","Fundamental (Protected)","C:\Program Files (x86)\Microsoft\EdgeWebView\Application\152.0.4191.53\msedgewebview2.exe"
"1652","svchost","4.64","72.06","True","Fundamental (Protected)","C:\WINDOWS\system32\svchost.exe"
"7776","SearchIndexer","4.07","572.34","False","Other","C:\WINDOWS\system32\SearchIndexer.exe"
"1540","WUDFHost","3.2","28.48","False","Other","C:\Windows\System32\WUDFHost.exe"
"5728","WUDFHost","2.81","5.11","False","Other","C:\Windows\System32\WUDFHost.exe"
"5840","svchost","2.62","12.31","True","Fundamental (Protected)","C:\WINDOWS\system32\svchost.exe"
"15080","svchost","2.52","1.25","True","Fundamental (Protected)","C:\WINDOWS\system32\svchost.exe"
"14012","thorium","2.32","28.28","True","Fundamental (Protected)","C:\Users\luisg\AppData\Local\Thorium\Application\thorium.exe"
"2148","svchost","1.99","12.75","True","Fundamental (Protected)","C:\WINDOWS\system32\svchost.exe"
"1492","svchost","1.92","13.16","True","Fundamental (Protected)","C:\WINDOWS\system32\svchost.exe"
"2552","svchost","1.86","2.45","True","Fundamental (Protected)","C:\WINDOWS\System32\svchost.exe"
"792","smss","1.66","0.12","True","Fundamental (Protected)","System / Unknown"
"3172","svchost","1.56","17.09","True","Fundamental (Protected)","C:\WINDOWS\system32\svchost.exe"
"4124","svchost","1.56","0.2","True","Fundamental (Protected)","C:\WINDOWS\System32\svchost.exe"
"3960","svchost","1.55","1.84","True","Fundamental (Protected)","C:\WINDOWS\system32\svchost.exe"
"4784","svchost","1.48","0.58","True","Fundamental (Protected)","C:\WINDOWS\system32\svchost.exe"
"5508","StartMenuExperienceHost","1.43","2","False","Other","C:\Windows\SystemApps\Microsoft.Windows.StartMenuExperienceHost_cw5n1h2txyewy\StartMenuExperienceHost.exe"
"7440","sihost","1.33","7","False","Other","C:\WINDOWS\system32\sihost.exe"
"1904","svchost","1.21","3.44","True","Fundamental (Protected)","C:\WINDOWS\system32\svchost.exe"
"2312","svchost","1.07","8.69","True","Fundamental (Protected)","C:\WINDOWS\System32\svchost.exe"
"2304","svchost","1.04","1.66","True","Fundamental (Protected)","C:\WINDOWS\system32\svchost.exe"
"15680","SearchHost","1.03","1.3","False","Other","C:\Windows\SystemApps\MicrosoftWindows.Client.CBS_cw5n1h2txyewy\SearchHost.exe"
"14800","thorium","0.84","0.23","True","Fundamental (Protected)","C:\Users\luisg\AppData\Local\Thorium\Application\thorium.exe"
"1924","svchost","0.81","0.77","True","Fundamental (Protected)","C:\WINDOWS\system32\svchost.exe"
"2268","svchost","0.78","21.08","True","Fundamental (Protected)","C:\WINDOWS\system32\svchost.exe"
"3728","svchost","0.77","30.34","True","Fundamental (Protected)","C:\WINDOWS\System32\svchost.exe"
"8368","svchost","0.73","0.52","True","Fundamental (Protected)","C:\WINDOWS\system32\svchost.exe"
"2256","svchost","0.59","0.44","True","Fundamental (Protected)","C:\WINDOWS\system32\svchost.exe"
"11352","svchost","0.57","1.7","True","Fundamental (Protected)","C:\WINDOWS\system32\svchost.exe"
"16336","thorium","0.56","0.09","True","Fundamental (Protected)","C:\Users\luisg\AppData\Local\Thorium\Application\thorium.exe"
"11880","Antigravity","0.56","0.23","True","Fundamental (Protected)","C:\Users\luisg\AppData\Local\Programs\antigravity\Antigravity.exe"
"8512","Antigravity","0.55","0.41","True","Fundamental (Protected)","C:\Users\luisg\AppData\Local\Programs\antigravity\Antigravity.exe"
"10144","thorium","0.55","0.02","True","Fundamental (Protected)","C:\Users\luisg\AppData\Local\Thorium\Application\thorium.exe"
"2812","svchost","0.51","14.8","True","Fundamental (Protected)","C:\WINDOWS\system32\svchost.exe"
"1704","svchost","0.48","1.34","True","Fundamental (Protected)","C:\WINDOWS\system32\svchost.exe"
"6732","ipf_helper","0.48","37.08","True","Fundamental (Protected)","C:\WINDOWS\System32\DriverStore\FileRepository\ipf_cpu.inf_amd64_a8fa52ad5fb65cb2\ipf_helper.exe"
"7748","svchost","0.45","3.19","True","Fundamental (Protected)","C:\WINDOWS\system32\svchost.exe"
"6444","svchost","0.39","1.28","True","Fundamental (Protected)","C:\WINDOWS\System32\svchost.exe"
"8752","RuntimeBroker","0.37","3.58","False","Other","C:\Windows\System32\RuntimeBroker.exe"
"13900","RuntimeBroker","0.35","0.17","False","Other","C:\Windows\System32\RuntimeBroker.exe"
"2408","svchost","0.34","0.5","True","Fundamental (Protected)","C:\WINDOWS\system32\svchost.exe"
"3180","svchost","0.34","0.2","True","Fundamental (Protected)","C:\WINDOWS\system32\svchost.exe"
"1440","conhost","0.32","0.39","True","Fundamental (Protected)","C:\WINDOWS\system32\conhost.exe"
"3516","svchost","0.31","1.11","True","Fundamental (Protected)","C:\WINDOWS\system32\svchost.exe"
"2792","svchost","0.31","3.41","True","Fundamental (Protected)","C:\WINDOWS\system32\svchost.exe"
"3160","svchost","0.27","0.28","True","Fundamental (Protected)","C:\WINDOWS\System32\svchost.exe"
"13572","svchost","0.25","3.64","True","Fundamental (Protected)","C:\WINDOWS\system32\svchost.exe"
"9088","SearchProtocolHost","0.21","504.12","False","Other","C:\WINDOWS\System32\SearchProtocolHost.exe"
"8400","thorium","0.21","0.05","True","Fundamental (Protected)","C:\Users\luisg\AppData\Local\Thorium\Application\thorium.exe"
"4","System","0.17","444.67","False","Other","System / Unknown"
"4284","ctfmon","0.14","7.94","False","Other","C:\WINDOWS\system32\ctfmon.exe"
"15424","pwsh","0.09","0.34","True","Fundamental (Protected)","C:\Program Files\WindowsApps\Microsoft.PowerShell_7.6.5.0_x64__8wekyb3d8bbwe\pwsh.exe"
"0","Idle","0.01","0","False","Other","System / Unknown"
"7124","svchost","0","0.42","True","Fundamental (Protected)","C:\WINDOWS\system32\svchost.exe"
"7852","svchost","0","10.56","True","Fundamental (Protected)","C:\WINDOWS\system32\svchost.exe"
"13004","svchost","0","0.2","True","Fundamental (Protected)","C:\WINDOWS\System32\svchost.exe"
"8248","svchost","0","0.03","True","Fundamental (Protected)","C:\WINDOWS\system32\svchost.exe"
"14060","svchost","0","0.2","True","Fundamental (Protected)","C:\WINDOWS\System32\svchost.exe"
"2356","thorium","0","0.33","True","Fundamental (Protected)","C:\Users\luisg\AppData\Local\Thorium\Application\thorium.exe"
"13860","svchost","0","0.47","True","Fundamental (Protected)","C:\WINDOWS\System32\svchost.exe"
"7816","svchost","0","0.11","True","Fundamental (Protected)","C:\WINDOWS\system32\svchost.exe"
"13764","svchost","0","0.39","True","Fundamental (Protected)","C:\WINDOWS\system32\svchost.exe"
"8456","svchost","0","0.03","True","Fundamental (Protected)","C:\WINDOWS\system32\svchost.exe"
"11164","IntelCpHDCPSvc","0","0","False","Other","C:\WINDOWS\System32\DriverStore\FileRepository\iigd_dch.inf_amd64_88fe7ed73dc90260\IntelCpHDCPSvc.exe"
"8832","svchost","0","3.52","True","Fundamental (Protected)","C:\WINDOWS\system32\svchost.exe"
"6272","WUDFHost","0","0.17","False","Other","C:\Windows\System32\WUDFHost.exe"
"4620","ipf_uf","0","0.06","False","Other","C:\WINDOWS\System32\DriverStore\FileRepository\ipf_cpu.inf_amd64_a8fa52ad5fb65cb2\ipf_uf.exe"
"11556","svchost","0","0.97","True","Fundamental (Protected)","C:\WINDOWS\system32\svchost.exe"
"12576","svchost","0","0.03","True","Fundamental (Protected)","C:\WINDOWS\system32\svchost.exe"
"8356","svchost","0","1.03","True","Fundamental (Protected)","C:\WINDOWS\system32\svchost.exe"
"9480","msedgewebview2","0","0.2","True","Fundamental (Protected)","C:\Program Files (x86)\Microsoft\EdgeWebView\Application\152.0.4191.53\msedgewebview2.exe"
"4392","DAX3API","0","0.36","False","Other","C:\WINDOWS\System32\DriverStore\FileRepository\dax3_swc_aposvc.inf_amd64_8e54c1bc7d581ad1\DAX3API.exe"
"15664","thorium","0","0.03","True","Fundamental (Protected)","C:\Users\luisg\AppData\Local\Thorium\Application\thorium.exe"
"7968","DAX3API","0","0.11","False","Other","C:\WINDOWS\System32\DriverStore\FileRepository\DAX3_S~1.INF\DAX3API.exe"
"10200","thorium","0","0.09","True","Fundamental (Protected)","C:\Users\luisg\AppData\Local\Thorium\Application\thorium.exe"
"11204","thorium","0","6.61","True","Fundamental (Protected)","C:\Users\luisg\AppData\Local\Thorium\Application\thorium.exe"
"16216","thorium","0","2.02","True","Fundamental (Protected)","C:\Users\luisg\AppData\Local\Thorium\Application\thorium.exe"
"11112","WmiPrvSE","0","0.09","False","Other","C:\WINDOWS\system32\wbem\wmiprvse.exe"
"9544","audiodg","0","2.5","True","Fundamental (Protected)","C:\WINDOWS\system32\AUDIODG.EXE"
"5540","CHXSmartScreen","0","0.48","False","Other","C:\Windows\SystemApps\Microsoft.Windows.AppRep.ChxApp_cw5n1h2txyewy\CHXSmartScreen.exe"
"1280","winlogon","0","0.12","False","Other","C:\WINDOWS\system32\winlogon.exe"
"5748","wlanext","0","0.03","False","Other","C:\WINDOWS\system32\WLANExt.exe"
"1532","fontdrvhost","0","0.08","True","Fundamental (Protected)","C:\WINDOWS\system32\fontdrvhost.exe"
"8076","taskhostw","0","0.69","False","Other","C:\WINDOWS\system32\taskhostw.exe"
"15012","svchost","0","0.45","True","Fundamental (Protected)","C:\WINDOWS\System32\svchost.exe"
"14244","svchost","0","0.08","True","Fundamental (Protected)","C:\WINDOWS\system32\svchost.exe"
"14352","svchost","0","0.17","True","Fundamental (Protected)","C:\WINDOWS\system32\svchost.exe"
"1524","fontdrvhost","0","0.05","True","Fundamental (Protected)","C:\WINDOWS\system32\fontdrvhost.exe"
"8484","thorium","0","0.11","True","Fundamental (Protected)","C:\Users\luisg\AppData\Local\Thorium\Application\thorium.exe"
"3080","dllhost","0","0.03","False","Other","C:\WINDOWS\system32\DllHost.exe"
"6496","thorium","0","12.17","True","Fundamental (Protected)","C:\Users\luisg\AppData\Local\Thorium\Application\thorium.exe"
"2544","ApplicationFrameHost","0","0.72","False","Other","C:\WINDOWS\system32\ApplicationFrameHost.exe"
"5600","thorium","0","4.69","True","Fundamental (Protected)","C:\Users\luisg\AppData\Local\Thorium\Application\thorium.exe"
"11328","RuntimeBroker","0","0.11","False","Other","C:\Windows\System32\RuntimeBroker.exe"
"3040","svchost","0","0.86","True","Fundamental (Protected)","C:\WINDOWS\system32\svchost.exe"
"2380","svchost","0","0.28","True","Fundamental (Protected)","C:\WINDOWS\system32\svchost.exe"
"8952","SearchFilterHost","0","0.08","False","Other","C:\WINDOWS\System32\SearchFilterHost.exe"
"2376","svchost","0","0.42","True","Fundamental (Protected)","C:\WINDOWS\system32\svchost.exe"
"3208","svchost","0","0.23","True","Fundamental (Protected)","C:\WINDOWS\system32\svchost.exe"
"3668","svchost","0","0.14","True","Fundamental (Protected)","C:\WINDOWS\System32\svchost.exe"
"3716","svchost","0","0.06","True","Fundamental (Protected)","C:\WINDOWS\system32\svchost.exe"
"3624","svchost","0","1.27","True","Fundamental (Protected)","C:\WINDOWS\System32\svchost.exe"
"3444","svchost","0","0.11","True","Fundamental (Protected)","C:\WINDOWS\system32\svchost.exe"
"3508","svchost","0","0.61","True","Fundamental (Protected)","C:\WINDOWS\System32\svchost.exe"
"10340","SearchFilterHost","0","0.16","False","Other","C:\WINDOWS\System32\SearchFilterHost.exe"
"1940","svchost","0","0.17","True","Fundamental (Protected)","C:\WINDOWS\system32\svchost.exe"
"1960","svchost","0","0.45","True","Fundamental (Protected)","C:\WINDOWS\system32\svchost.exe"
"15044","smartscreen","0","0.3","False","Other","C:\Windows\System32\smartscreen.exe"
"1784","svchost","0","0.86","True","Fundamental (Protected)","C:\WINDOWS\System32\svchost.exe"
"3364","spoolsv","0","0.34","False","Other","C:\WINDOWS\System32\spoolsv.exe"
"1980","svchost","0","0.67","True","Fundamental (Protected)","C:\WINDOWS\system32\svchost.exe"
"6580","SecurityHealthSystray","0","0.2","True","Fundamental (Protected)","C:\Windows\System32\SecurityHealthSystray.exe"
"12432","SearchFilterHost","0","0.12","False","Other","C:\WINDOWS\System32\SearchFilterHost.exe"
"3704","ShellExperienceHost","0","0.44","False","Other","C:\Windows\SystemApps\ShellExperienceHost_cw5n1h2txyewy\ShellExperienceHost.exe"
"8600","ShellHost","0","0.2","False","Other","C:\Windows\System32\ShellHost.exe"
"2076","svchost","0","0.17","True","Fundamental (Protected)","C:\WINDOWS\system32\svchost.exe"
"6940","svchost","0","0.19","True","Fundamental (Protected)","C:\WINDOWS\system32\svchost.exe"
"12548","msedgewebview2","0","0.58","True","Fundamental (Protected)","C:\Program Files (x86)\Microsoft\EdgeWebView\Application\152.0.4191.53\msedgewebview2.exe"
"6652","svchost","0","0.31","True","Fundamental (Protected)","C:\WINDOWS\System32\svchost.exe"
"12844","msedgewebview2","0","0.14","True","Fundamental (Protected)","C:\Program Files (x86)\Microsoft\EdgeWebView\Application\152.0.4191.53\msedgewebview2.exe"
"6024","svchost","0","0.17","True","Fundamental (Protected)","C:\WINDOWS\system32\svchost.exe"
"7048","svchost","0","0.12","True","Fundamental (Protected)","C:\WINDOWS\system32\svchost.exe"
"7568","svchost","0","3.19","True","Fundamental (Protected)","C:\WINDOWS\system32\svchost.exe"
"7684","svchost","0","0.14","True","Fundamental (Protected)","C:\WINDOWS\system32\svchost.exe"
"7560","svchost","0","0.16","True","Fundamental (Protected)","C:\WINDOWS\system32\svchost.exe"
"7120","svchost","0","1.33","True","Fundamental (Protected)","C:\WINDOWS\system32\svchost.exe"
"7552","svchost","0","0.06","True","Fundamental (Protected)","C:\WINDOWS\System32\svchost.exe"
"13164","msedgewebview2","0","0.03","True","Fundamental (Protected)","C:\Program Files (x86)\Microsoft\EdgeWebView\Application\152.0.4191.53\msedgewebview2.exe"
"3976","svchost","0","2.73","True","Fundamental (Protected)","C:\WINDOWS\system32\svchost.exe"
"4032","svchost","0","0.3","True","Fundamental (Protected)","C:\WINDOWS\System32\svchost.exe"
"8780","RstMwService","0","0.09","False","Other","C:\WINDOWS\System32\DriverStore\FileRepository\iastorvd.inf_amd64_e769ee9bce5bb697\RstMwService.exe"
"8524","RuntimeBroker","0","0.02","False","Other","C:\Windows\System32\RuntimeBroker.exe"
"3804","svchost","0","0.38","True","Fundamental (Protected)","C:\WINDOWS\System32\svchost.exe"
"4420","svchost","0","0.38","True","Fundamental (Protected)","C:\WINDOWS\System32\svchost.exe"
"14404","msedgewebview2","0","0.25","True","Fundamental (Protected)","C:\Program Files (x86)\Microsoft\EdgeWebView\Application\152.0.4191.53\msedgewebview2.exe"
"4688","svchost","0","0.2","True","Fundamental (Protected)","C:\WINDOWS\system32\svchost.exe"
"4484","svchost","0","0.08","True","Fundamental (Protected)","C:\WINDOWS\System32\svchost.exe"
"4428","svchost","0","1.06","True","Fundamental (Protected)","C:\WINDOWS\system32\svchost.exe"
"4356","OneApp.IGCC.WinService","0","2.48","False","Other","C:\WINDOWS\System32\DriverStore\FileRepository\igcc_dch.inf_amd64_93b02b354dfb756b\OneApp.IGCC.WinService.exe"
