"TaskName","State","TaskPath"
"ASUS Live Update 2.0","Disabled","\"
"ASUS Optimization 36D18D69AFC3","Ready","\"
"ASUS Update Checker 2.0","Disabled","\"
"AsusSystemDiagnosis_DriverQuality","Disabled","\"
"MicrosoftEdgeUpdateTaskMachineCore{D8E9762C-D85C-4487-85EC-1372C3A2BE58}","Running","\"
"MicrosoftEdgeUpdateTaskMachineUA{C33411E5-86C3-42F4-9B25-F097EF7C12D8}","Ready","\"
"ScanForUpdatesAsUser","Ready","\Microsoft\Windows\InstallService\"
"XblGameSaveTask","Ready","\Microsoft\XblGameSave\"
"SoftLandingCreativeManagementTask","Ready","\SoftLanding\S-1-5-21-3097461819-4044830883-1541544106-1001\"
"SoftLandingDeferralTask-{eff16a58-5bb8-4728-9399-9bb58a9a5482}","Ready","\SoftLanding\S-1-5-21-3097461819-4044830883-1541544106-1001\"
"SoftLandingTriggerTask-128000000001615609-render-{d4af543c-0534-4c92-94d8-812dc3077fe8}","Disabled","\SoftLanding\S-1-5-21-3097461819-4044830883-1541544106-1001\"
