"ServiceName","DisplayName","State","StartMode","PathName"
"AsusAppService","ASUS App Service","Stopped","Disabled","C:\WINDOWS\System32\DriverStore\FileRepository\asussci2.inf_amd64_ec0a7aca8834d5bc\AsusAppService\AsusAppService.exe"
"ASUSOptimization","ASUS Optimization","Running","Auto","C:\WINDOWS\System32\DriverStore\FileRepository\asussci2.inf_amd64_ec0a7aca8834d5bc\ASUSOptimization\AsusOptimization.exe"
"ASUSSoftwareManager","ASUS Software Manager","Stopped","Disabled","C:\WINDOWS\System32\DriverStore\FileRepository\asussci2.inf_amd64_ec0a7aca8834d5bc\ASUSSoftwareManager\AsusSoftwareManager.exe"
"ASUSSwitch","ASUS Switch","Stopped","Disabled","C:\WINDOWS\System32\DriverStore\FileRepository\asussci2.inf_amd64_ec0a7aca8834d5bc\ASUSSwitch\AsusSwitch.exe"
"ASUSSystemAnalysis","ASUS System Analysis","Stopped","Disabled","C:\WINDOWS\System32\DriverStore\FileRepository\asussci2.inf_amd64_ec0a7aca8834d5bc\ASUSSystemAnalysis\AsusSystemAnalysis.exe"
"ASUSSystemDiagnosis","ASUS System Diagnosis","Stopped","Disabled","C:\WINDOWS\System32\DriverStore\FileRepository\asussci2.inf_amd64_ec0a7aca8834d5bc\ASUSSystemDiagnosis\AsusSystemDiagnosis.exe"
"DolbyDAXAPI","Dolby DAX API Service","Running","Auto","C:\WINDOWS\System32\DriverStore\FileRepository\dax3_swc_aposvc.inf_amd64_8e54c1bc7d581ad1\DAX3API.exe"
"edgeupdate","Microsoft Edge Update Service (edgeupdate)","Stopped","Auto","""C:\Program Files (x86)\Microsoft\EdgeUpdate\MicrosoftEdgeUpdate.exe"" /svc"
"edgeupdatem","Microsoft Edge Update Service (edgeupdatem)","Stopped","Manual","""C:\Program Files (x86)\Microsoft\EdgeUpdate\MicrosoftEdgeUpdate.exe"" /medsvc"
"IntelAudioService","Intel(R) Audio Service","Stopped","Auto","C:\WINDOWS\System32\DriverStore\FileRepository\intcoed.inf_amd64_06dd582276d3f601\\AS\\IAS\\IntelAudioService.exe"
"MicrosoftCopilotElevationService","Microsoft Copilot Elevation Service (MicrosoftCopilotElevationService)","Stopped","Manual","""C:\Program Files (x86)\Microsoft\Copilot\Application\152.0.4191.42\elevation_service.exe"""
